,Kabinet,Sector,Latitude,Longitude,Azimuth,Horizontal_Beamwidth,Vertical_Beamwidth,Height,MIMO,PCI,rachroot,Power,Ssbpower
0,WITUFERG,AAS-S1CB,41.1073413,29.0233668,50,65,10.0,10,64T64R,30,26,200,17.91
1,WITUFERG,AAS-S2CB,41.1070873,29.0226646,260,65,10.0,10,64T64R,40,126,200,17.91
2,WITUFERG,AAS-S3CB,41.1080861,29.028122,230,65,10.0,6,64T64R,59,42,200,17.91
3,WITUFESG,AAS-S1CB,41.1080861,29.0281222,110,65,10.0,6,64T64R,48,69,200,17.91
4,WITUFESG,AAS-S2CB,41.1054694,29.0278333,255,65,9.5,18,32T32R,68,132,200,17.91
5,WITUFESG,AAS-S3CB,41.1054694,29.0278333,340,65,9.5,18,32T32R,76,75,200,17.91
6,WITUPAG,AAS-S1CB,41.1043417,29.021747,300,65,10.0,6,64T64R,3,30,200,17.91
7,WITUPAG,AAS-S2CB,41.1043417,29.021747,40,65,10.0,6,64T64R,13,130,200,17.91
8,WITUPAG,AAS-S3CB,41.1058417,29.0205028,130,65,10.0,6,64T64R,23,93,200,17.91
