,Kabinet,Sector,Latitude,Longitude,Azimuth,Horizontal_Beamwidth,Vertical_Beamwidth,Height,MIMO,PCI,rachroot,Power,Ssbpower,x,y
0,WITUFERG,AAS-S1CB,41.1073413,29.0233668,50,65,10.0,10,64T64R,30,26,200,17.91,2434401.6361443023,4576069.233516
1,WITUFERG,AAS-S2CB,41.1070873,29.0226646,260,65,10.0,10,64T64R,40,126,200,17.91,2434352.1541795665,4576040.9582360005
2,WITUFERG,AAS-S3CB,41.1080861,29.028122,230,65,10.0,6,64T64R,59,42,20,17.91,2434772.8716511,4576152.144652
3,WITUFESG,AAS-S1CB,41.1080861,29.0281222,110,65,10.0,6,64T64R,48,69,200,17.91,2434772.8884263695,4576152.144652
4,WITUFESG,AAS-S2CB,41.1054694,29.0278333,255,65,9.5,18,32T32R,68,132,200,17.91,2434845.6832694667,4575860.853608
5,WITUFESG,AAS-S3CB,41.1054694,29.0278333,340,65,9.5,18,32T32R,76,75,200,17.91,2434845.6832694667,4575860.853608
6,WITUPAG,AAS-S1CB,41.1043417,29.021747,300,65,10.0,6,64T64R,3,30,200,17.91,2434376.970867751,4575735.318044
7,WITUPAG,AAS-S2CB,41.1043417,29.021747,40,65,10.0,6,64T64R,13,130,200,17.91,2434376.970867751,4575735.318044
8,WITUPAG,AAS-S3CB,41.1058417,29.0205028,130,65,10.0,6,64T64R,23,93,200,17.91,2434217.002181054,4575902.298044
