PCI,Target Column,MAE,MSE,RMSE,R2
30,NR_UE_RSRP_0,36.9772972972973,2864.396877992278,53.52006051932563,-15.607588356985598
40,NR_UE_RSRP_0,61.267782258064514,5388.094900403226,73.4036436452798,-18.125572919825867
59,NR_UE_RSRP_0,16.351000000000003,320.89019533333334,17.91340825564285,-1.6284310510061677
48,NR_UE_RSRP_0,98.8827192982456,9822.272713157896,99.1073797108868,-450.2015339485261
68,NR_UE_RSRP_0,12.118154093097914,266.7435504012841,16.332285522892505,0.37872650131930374
76,NR_UE_RSRP_0,99.16205555555557,10923.401357222221,104.51507717655966,-58.30369636744802
3,NR_UE_RSRP_0,58.666000000000004,5576.590583809524,74.67657319273243,-10.032872006462405
13,NR_UE_RSRP_0,97.19602409638554,10071.84904819277,100.35860226304852,-17.159001654610073
23,NR_UE_RSRP_0,95.76266666666668,9530.26982,97.62310085220608,-36.65307498649782
